Angajat getNume,2020-06-11T17:51:11.089342
Angajat getPrenume,2020-06-11T17:51:11.102644
Angajat getNume,2020-06-11T17:51:11.152729
Angajat getPrenume,2020-06-11T17:51:11.153123
Personaj getNume,2020-06-11T17:51:11.955019
Personaj getPrenume,2020-06-11T17:51:11.955320
Personaj getNume,2020-06-11T17:51:12.011343
Personaj getPrenume,2020-06-11T17:51:12.011690
Personaj getNume,2020-06-11T17:51:12.069034
Personaj getPrenume,2020-06-11T17:51:12.069336
Actor getNume,2020-06-11T17:51:12.331707
Actor getPrenume,2020-06-11T17:51:12.332057
Actor getNume,2020-06-11T17:51:12.386940
Actor getPrenume,2020-06-11T17:51:12.387355
Actor getNume,2020-06-11T17:51:12.444258
Actor getPrenume,2020-06-11T17:51:12.444512
Actor getNume,2020-06-11T17:51:12.495122
Actor getPrenume,2020-06-11T17:51:12.495452
